Coal_RB_4800_FOB_London_Close_USD,Coal_RB_5500_FOB_London_Close_USD,Coal_RB_5700_FOB_London_Close_USD,Coal_RB_6000_FOB_CurrentWeek_Avg_USD,Coal_India_5500_CFR_London_Close_USD
41.0,53.22,64.7,97.56,60.5
40.34,52.36,63.1,70.57,62.03
40.34,52.36,63.1,70.57,62.03
40.34,52.36,63.1,70.57,62.03
40.34,52.36,63.1,70.57,62.03
33.82,43.58,54.81,59.57,54.74
87.95318352059924,113.35315543071162,134.97180711610488,144.35149446494464,123.7597097378277
87.95318352059924,113.35315543071162,134.97180711610488,59.57,123.7597097378277
33.82,43.58,54.81,59.57,54.74
33.82,43.58,54.81,59.57,54.74
33.82,43.58,54.81,59.57,54.74
31.49,38.44,51.1,51.7,48.89
31.49,38.44,51.1,51.7,48.89
31.49,38.44,51.1,51.7,48.89
31.49,38.44,51.1,51.7,48.89
31.49,38.44,51.1,51.7,48.89
26.75,34.56,44.69,44.53,41.81
26.75,34.56,44.69,44.53,41.81
26.75,34.56,44.69,44.53,41.81
26.75,34.56,44.69,44.53,41.81
26.75,34.56,44.69,44.53,41.81
30.0,37.97,47.89,49.47,42.99
30.0,37.97,47.89,49.47,42.99
30.0,37.97,47.89,49.47,42.99
30.0,37.97,47.89,49.47,42.99
31.61,40.68,50.66,51.91,45.77
87.95318352059924,113.35315543071162,134.97180711610488,51.91,123.7597097378277
31.61,40.68,50.66,51.91,45.77
31.61,40.68,50.66,51.91,45.77
31.61,40.68,50.66,51.91,45.77
31.61,40.68,50.66,51.91,45.77
32.98,42.39,52.37,53.17,48.75
32.98,42.39,52.37,53.17,48.75
32.98,42.39,52.37,53.17,48.75
32.98,42.39,52.37,53.17,48.75
32.98,42.39,52.37,53.17,48.75
33.86,42.98,52.33,54.93,50.16
87.95318352059924,113.35315543071162,134.97180711610488,144.35149446494464,123.7597097378277
33.86,42.98,52.33,54.93,50.16
33.86,42.98,52.33,54.93,50.16
33.86,42.98,52.33,54.93,50.16
34.53,43.62,53.26,55.27,50.96
34.53,43.62,53.26,55.27,50.96
34.53,43.62,53.26,55.27,50.96
34.53,43.62,53.26,55.27,50.96
34.53,43.62,53.26,55.27,50.96
36.7,45.35,55.02,59.32,53.47
36.7,45.35,55.02,59.32,53.47
36.7,45.35,55.02,59.32,53.47
36.7,45.35,55.02,59.32,53.47
36.7,45.35,55.02,59.32,53.47
34.1,42.0,51.58,55.34,50.81
34.1,42.0,51.58,55.34,50.81
34.1,42.0,51.58,55.34,50.81
34.1,42.0,51.58,55.34,50.81
34.1,42.0,51.58,55.34,50.81
32.91,40.96,50.86,54.15,51.71
32.91,40.96,50.86,54.15,51.71
32.91,40.96,50.86,54.15,51.71
32.91,40.96,50.86,54.15,51.71
32.91,40.96,50.86,54.15,51.71
32.54,40.3,48.43,50.05,51.45
32.54,40.3,48.43,50.05,51.45
32.54,40.3,48.43,50.05,51.45
32.54,40.3,48.43,50.05,51.45
32.54,40.3,48.43,50.05,51.45
32.61,40.2,49.91,53.15,49.92
32.61,40.2,49.91,53.15,49.92
32.61,40.2,49.91,53.15,49.92
32.61,40.2,49.91,53.15,49.92
32.61,40.2,49.91,53.15,49.92
33.5,40.83,50.12,53.56,51.16
33.5,40.83,50.12,53.56,51.16
33.5,40.83,50.12,53.56,51.16
33.5,40.83,50.12,53.56,51.16
33.5,40.83,50.12,53.56,51.16
33.01,40.43,49.88,54.84,51.88
33.01,40.43,49.88,54.84,51.88
33.01,40.43,49.88,54.84,51.88
33.01,40.43,49.88,54.84,51.88
33.01,40.43,49.88,54.84,51.88
32.56,40.01,49.17,53.33,50.61
32.56,40.01,49.17,53.33,50.61
32.56,40.01,49.17,53.33,50.61
32.56,40.01,49.17,53.33,50.61
32.56,40.01,49.17,53.33,50.61
32.07,39.97,48.83,52.12,49.7
32.07,39.97,48.83,52.12,49.7
32.07,39.97,48.83,52.12,49.7
32.07,39.97,48.83,52.12,49.7
32.07,39.97,48.83,52.12,49.7
33.21,41.52,50.12,54.02,51.84
33.21,41.52,50.12,54.02,51.84
33.21,41.52,50.12,54.02,51.84
33.21,41.52,50.12,54.02,51.84
33.21,41.52,50.12,54.02,51.84
32.24,41.5,49.83,54.21,53.43
32.24,41.5,49.83,54.21,53.43
32.24,41.5,49.83,54.21,53.43
32.24,41.5,49.83,54.21,53.43
32.24,41.5,49.83,54.21,53.43
34.0,44.09,51.33,56.36,54.22
34.0,44.09,51.33,56.36,54.22
34.0,44.09,51.33,56.36,54.22
34.0,44.09,51.33,56.36,54.22
34.0,44.09,51.33,56.36,54.22
33.42,44.2,51.22,55.91,55.28
87.95318352059924,113.35315543071162,134.97180711610488,55.91,123.7597097378277
33.42,44.2,51.22,55.91,55.28
33.42,44.2,51.22,55.91,55.28
33.42,44.2,51.22,55.91,55.28
34.32,45.09,52.71,57.13,56.0
34.32,45.09,52.71,57.13,56.0
34.32,45.09,52.71,57.13,56.0
34.32,45.09,52.71,57.13,56.0
34.32,45.09,52.71,57.13,56.0
33.14,43.56,51.58,55.72,55.52
33.14,43.56,51.58,55.72,55.52
33.14,43.56,51.58,55.72,55.52
33.14,43.56,51.58,55.72,55.52
33.14,43.56,51.58,55.72,55.52
34.18,45.13,53.19,56.18,55.66
34.18,45.13,53.19,56.18,55.66
34.18,45.13,53.19,56.18,55.66
34.18,45.13,53.19,56.18,55.66
34.18,45.13,53.19,56.18,55.66
35.59,48.02,56.57,58.95,59.12
35.59,48.02,56.57,58.95,59.12
35.59,48.02,56.57,58.95,59.12
35.59,48.02,56.57,58.95,59.12
35.59,48.02,56.57,58.95,59.12
35.81,49.65,58.87,61.72,58.67
35.81,49.65,58.87,61.72,58.67
35.81,49.65,58.87,61.72,58.67
35.81,49.65,58.87,61.72,58.67
35.81,49.65,58.87,61.72,58.67
35.33,47.56,56.82,59.93,57.95
35.33,47.56,56.82,59.93,57.95
35.33,47.56,56.82,59.93,57.95
35.33,47.56,56.82,59.93,57.95
35.33,47.56,56.82,59.93,57.95
33.86,45.32,54.61,57.01,56.36
33.86,45.32,54.61,57.01,56.36
33.86,45.32,54.61,57.01,56.36
33.86,45.32,54.61,57.01,56.36
33.86,45.32,54.61,57.01,56.36
34.56,45.67,55.01,57.37,56.1
34.56,45.67,55.01,57.37,56.1
34.56,45.67,55.01,57.37,56.1
34.56,45.67,55.01,57.37,56.1
34.56,45.67,55.01,57.37,56.1
35.11,46.43,55.61,59.71,56.48
35.11,46.43,55.61,59.71,56.48
35.11,46.43,55.61,59.71,56.48
35.11,46.43,55.61,59.71,56.48
35.11,46.43,55.61,59.71,56.48
36.13,47.56,56.76,61.35,57.65
36.13,47.56,56.76,61.35,57.65
36.13,47.56,56.76,61.35,57.65
36.13,47.56,56.76,61.35,57.65
36.13,47.56,56.76,61.35,57.65
38.86,50.86,60.87,67.13,59.33
38.86,50.86,60.87,67.13,59.33
38.86,50.86,60.87,67.13,59.33
38.86,50.86,60.87,67.13,59.33
38.86,50.86,60.87,67.13,59.33
40.1,51.78,62.43,69.79,60.38
40.1,51.78,62.43,69.79,60.38
40.1,51.78,62.43,69.79,60.38
40.1,51.78,62.43,69.79,60.38
40.1,51.78,62.43,69.79,60.38
43.19,55.76,68.39,77.72,66.19
43.19,55.76,68.39,77.72,66.19
43.19,55.76,68.39,77.72,66.19
43.19,55.76,68.39,77.72,66.19
43.19,55.76,68.39,77.72,66.19
44.27,59.58,74.18,81.9,71.19
44.27,59.58,74.18,81.9,71.19
44.27,59.58,74.18,81.9,71.19
44.27,59.58,74.18,81.9,71.19
44.27,59.58,74.18,81.9,71.19
44.95,59.94,74.55,84.49,69.44
44.95,59.94,74.55,84.49,69.44
44.95,59.94,74.55,84.49,69.44
44.95,59.94,74.55,84.49,69.44
44.95,59.94,74.55,84.49,69.44
50.37,66.25,82.07,97.92,74.89
50.37,66.25,82.07,97.92,74.89
50.37,66.25,82.07,97.92,74.89
50.37,66.25,82.07,97.92,74.89
48.79,65.58,81.31,97.4,75.83
87.95318352059924,113.35315543071162,134.97180711610488,144.35149446494464,123.7597097378277
87.95318352059924,113.35315543071162,134.97180711610488,97.4,123.7597097378277
48.79,65.58,81.31,97.4,75.83
48.79,65.58,81.31,97.4,75.83
47.03,62.38,76.92,91.34,73.43
87.95318352059924,113.35315543071162,134.97180711610488,144.35149446494464,123.7597097378277
47.03,62.38,76.92,91.34,73.43
47.03,62.38,76.92,91.34,73.43
47.03,62.38,76.92,91.34,73.43
47.03,62.38,76.92,91.34,73.43
46.09,62.53,76.28,87.88,69.63
46.09,62.53,76.28,87.88,69.63
46.09,62.53,76.28,87.88,69.63
46.09,62.53,76.28,87.88,69.63
46.09,62.53,76.28,87.88,69.63
49.78,67.84,81.81,95.54,72.55
49.78,67.84,81.81,95.54,72.55
49.78,67.84,81.81,95.54,72.55
49.78,67.84,81.81,95.54,72.55
49.78,67.84,81.81,95.54,72.55
45.25,62.04,76.72,89.97,72.96
45.25,62.04,76.72,89.97,72.96
45.25,62.04,76.72,89.97,72.96
45.25,62.04,76.72,89.97,72.96
45.25,62.04,76.72,89.97,72.96
45.53,62.85,77.12,87.76,71.34
45.53,62.85,77.12,87.76,71.34
45.53,62.85,77.12,87.76,71.34
45.53,62.85,77.12,87.76,71.34
45.53,62.85,77.12,87.76,71.34
43.02,60.88,74.72,83.95,70.01
43.02,60.88,74.72,83.95,70.01
43.02,60.88,74.72,83.95,70.01
43.02,60.88,74.72,83.95,70.01
43.02,60.88,74.72,83.95,70.01
46.13,64.23,78.89,90.18,73.09
46.13,64.23,78.89,90.18,73.09
46.13,64.23,78.89,90.18,73.09
46.13,64.23,78.89,90.18,73.09
46.13,64.23,78.89,90.18,73.09
45.36,62.33,76.59,89.3,79.0
45.36,62.33,76.59,89.3,79.0
45.36,62.33,76.59,89.3,79.0
45.36,62.33,76.59,89.3,79.0
45.36,62.33,76.59,89.3,79.0
44.5,60.84,75.25,85.6,74.07
44.5,60.84,75.25,85.6,74.07
44.5,60.84,75.25,85.6,74.07
44.5,60.84,75.25,85.6,74.07
44.5,60.84,75.25,85.6,74.07
45.75,62.25,77.27,90.96,76.74
45.75,62.25,77.27,90.96,76.74
45.75,62.25,77.27,90.96,76.74
45.75,62.25,77.27,90.96,76.74
45.75,62.25,77.27,90.96,76.74
45.37,62.48,77.66,91.56,77.04
45.37,62.48,77.66,91.56,77.04
45.37,62.48,77.66,91.56,77.04
45.37,62.48,77.66,91.56,77.04
45.37,62.48,77.66,91.56,77.04
50.48,67.69,83.4,96.48,80.22
50.48,67.69,83.4,96.48,80.22
50.48,67.69,83.4,96.48,80.22
50.48,67.69,83.4,96.48,80.22
50.48,67.69,83.4,96.48,80.22
49.07,72.39,87.65,100.1,81.08
49.07,72.39,87.65,100.1,81.08
49.07,72.39,87.65,100.1,81.08
49.07,72.39,87.65,100.1,81.08
50.24,67.32,82.07,96.6,81.41
87.95318352059924,113.35315543071162,134.97180711610488,144.35149446494464,123.7597097378277
87.95318352059924,113.35315543071162,134.97180711610488,96.6,123.7597097378277
50.24,67.32,82.07,96.6,81.41
50.24,67.32,82.07,96.6,81.41
50.24,67.32,82.07,96.6,81.41
49.82,67.88,82.89,95.95,81.99
49.82,67.88,82.89,95.95,81.99
49.82,67.88,82.89,95.95,81.99
49.82,67.88,82.89,95.95,81.99
49.82,67.88,82.89,95.95,81.99
48.63,65.73,82.91,89.92,78.66
48.63,65.73,82.91,89.92,78.66
48.63,65.73,82.91,89.92,78.66
48.63,65.73,82.91,89.92,78.66
48.63,65.73,82.91,89.92,78.66
48.78,65.6,81.43,90.72,82.38
48.78,65.6,81.43,90.72,82.38
48.78,65.6,81.43,90.72,82.38
48.78,65.6,81.43,90.72,82.38
48.78,65.6,81.43,90.72,82.38
47.25,66.38,81.81,93.14,81.03
87.95318352059924,113.35315543071162,134.97180711610488,93.14,123.7597097378277
47.25,66.38,81.81,93.14,81.03
47.25,66.38,81.81,93.14,81.03
47.25,66.38,81.81,93.14,81.03
52.56,70.27,86.39,100.49,84.03
52.56,70.27,86.39,100.49,84.03
52.56,70.27,86.39,100.49,84.03
52.56,70.27,86.39,100.49,84.03
52.56,70.27,86.39,100.49,84.03
55.17,74.66,93.04,103.85,87.32
55.17,74.66,93.04,103.85,87.32
55.17,74.66,93.04,103.85,87.32
55.17,74.66,93.04,103.85,87.32
55.17,74.66,93.04,103.85,87.32
57.22,76.72,91.69,105.4,88.39
57.22,76.72,91.69,105.4,88.39
57.22,76.72,91.69,105.4,88.39
57.22,76.72,91.69,105.4,88.39
57.22,76.72,91.69,105.4,88.39
59.18,78.6,94.65,112.1,92.26
87.95318352059924,113.35315543071162,134.97180711610488,112.1,123.7597097378277
59.18,78.6,94.65,112.1,92.26
59.18,78.6,94.65,112.1,92.26
59.18,78.6,94.65,112.1,92.26
61.73,82.33,98.66,112.6,96.44
61.73,82.33,98.66,112.6,96.44
61.73,82.33,98.66,112.6,96.44
61.73,82.33,98.66,112.6,96.44
61.73,82.33,98.66,112.6,96.44
66.44,86.03,101.82,117.59,99.19
66.44,86.03,101.82,117.59,99.19
66.44,86.03,101.82,117.59,99.19
66.44,86.03,101.82,117.59,99.19
66.44,86.03,101.82,117.59,99.19
65.54,86.48,103.31,116.28,102.04
65.54,86.48,103.31,116.28,102.04
65.54,86.48,103.31,116.28,102.04
65.54,86.48,103.31,116.28,102.04
65.54,86.48,103.31,116.28,102.04
68.08,87.79,105.41,115.27,103.28
68.08,87.79,105.41,115.27,103.28
68.08,87.79,105.41,115.27,103.28
68.08,87.79,105.41,115.27,103.28
68.08,87.79,105.41,115.27,103.28
69.0,89.18,107.39,115.27,105.45
69.0,89.18,107.39,115.27,105.45
69.0,89.18,107.39,115.27,105.45
69.0,89.18,107.39,115.27,105.45
69.0,89.18,107.39,115.27,105.45
69.59,91.35,108.93,116.79,106.27
69.59,91.35,108.93,116.79,106.27
69.59,91.35,108.93,116.79,106.27
69.59,91.35,108.93,116.79,106.27
69.59,91.35,108.93,116.79,106.27
76.65,98.11,117.78,121.27,111.27
76.65,98.11,117.78,121.27,111.27
76.65,98.11,117.78,121.27,111.27
76.65,98.11,117.78,121.27,111.27
76.65,98.11,117.78,121.27,111.27
81.12,102.56,123.15,129.15,116.25
81.12,102.56,123.15,129.15,116.25
81.12,102.56,123.15,129.15,116.25
81.12,102.56,123.15,129.15,116.25
81.12,102.56,123.15,129.15,116.25
82.0,104.57,125.64,130.15,117.69
82.0,104.57,125.64,130.15,117.69
82.0,104.57,125.64,130.15,117.69
82.0,104.57,125.64,130.15,117.69
82.0,104.57,125.64,130.15,117.69
82.66,104.82,125.73,133.49,120.14
82.66,104.82,125.73,133.49,120.14
82.66,104.82,125.73,133.49,120.14
82.66,104.82,125.73,133.49,120.14
82.66,104.82,125.73,133.49,120.14
87.6,108.79,132.07,137.06,120.16
87.6,108.79,132.07,137.06,120.16
87.6,108.79,132.07,137.06,120.16
87.6,108.79,132.07,137.06,120.16
87.6,108.79,132.07,137.06,120.16
88.46,110.86,133.05,139.82,125.12
88.46,110.86,133.05,139.82,125.12
88.46,110.86,133.05,139.82,125.12
88.46,110.86,133.05,139.82,125.12
88.46,110.86,133.05,139.82,125.12
89.14,113.48,135.76,142.09,126.11
87.95318352059924,113.35315543071162,134.97180711610488,142.09,123.7597097378277
89.14,113.48,135.76,142.09,126.11
89.14,113.48,135.76,142.09,126.11
89.14,113.48,135.76,142.09,126.11
95.79,120.49,144.6,148.85,130.82
95.79,120.49,144.6,148.85,130.82
95.79,120.49,144.6,148.85,130.82
95.79,120.49,144.6,148.85,130.82
95.79,120.49,144.6,148.85,130.82
98.9,124.34,148.35,153.77,135.88
98.9,124.34,148.35,153.77,135.88
98.9,124.34,148.35,153.77,135.88
98.9,124.34,148.35,153.77,135.88
98.9,124.34,148.35,153.77,135.88
100.79,126.75,149.79,158.7,138.5
100.79,126.75,149.79,158.7,138.5
100.79,126.75,149.79,158.7,138.5
100.79,126.75,149.79,158.7,138.5
100.79,126.75,149.79,158.7,138.5
104.18,130.63,156.17,162.24,141.65
104.18,130.63,156.17,162.24,141.65
104.18,130.63,156.17,162.24,141.65
104.18,130.63,156.17,162.24,141.65
104.18,130.63,156.17,162.24,141.65
126.17,155.43,183.7,193.94,160.76
126.17,155.43,183.7,193.94,160.76
126.17,155.43,183.7,193.94,160.76
126.17,155.43,183.7,193.94,160.76
126.17,155.43,183.7,193.94,160.76
152.61,185.6,216.97,229.89,175.32
152.61,185.6,216.97,229.89,175.32
152.61,185.6,216.97,229.89,175.32
152.61,185.6,216.97,229.89,175.32
152.61,185.6,216.97,229.89,175.32
158.45,192.5,224.43,239.82,217.15
158.45,192.5,224.43,239.82,217.15
158.45,192.5,224.43,239.82,217.15
158.45,192.5,224.43,239.82,217.15
158.45,192.5,224.43,239.82,217.15
132.88,167.09,191.93,212.47,196.52
132.88,167.09,191.93,212.47,196.52
132.88,167.09,191.93,212.47,196.52
132.88,167.09,191.93,212.47,196.52
132.88,167.09,191.93,212.47,196.52
103.51,130.91,155.6,175.77,172.48
103.51,130.91,155.6,175.77,172.48
103.51,130.91,155.6,175.77,172.48
103.51,130.91,155.6,175.77,172.48
103.51,130.91,155.6,175.77,172.48
84.19,107.17,122.99,136.78,140.33
84.19,107.17,122.99,136.78,140.33
84.19,107.17,122.99,136.78,140.33
84.19,107.17,122.99,136.78,140.33
84.19,107.17,122.99,136.78,140.33
86.7,107.14,127.16,137.69,132.75
86.7,107.14,127.16,137.69,132.75
86.7,107.14,127.16,137.69,132.75
86.7,107.14,127.16,137.69,132.75
86.7,107.14,127.16,137.69,132.75
81.9,104.56,122.32,131.43,124.36
81.9,104.56,122.32,131.43,124.36
81.9,104.56,122.32,131.43,124.36
81.9,104.56,122.32,131.43,124.36
81.9,104.56,122.32,131.43,124.36
101.1,129.26,148.17,158.3,135.53
101.1,129.26,148.17,158.3,135.53
101.1,129.26,148.17,158.3,135.53
101.1,129.26,148.17,158.3,135.53
101.1,129.26,148.17,158.3,135.53
77.98,99.91,120.15,128.44,123.95
77.98,99.91,120.15,128.44,123.95
77.98,99.91,120.15,128.44,123.95
77.98,99.91,120.15,128.44,123.95
77.98,99.91,120.15,128.44,123.95
83.41,106.41,126.08,132.67,126.0
83.41,106.41,126.08,132.67,126.0
83.41,106.41,126.08,132.67,126.0
83.41,106.41,126.08,132.67,126.0
83.41,106.41,126.08,132.67,126.0
91.4,115.27,135.33,145.76,123.63
91.4,115.27,135.33,145.76,123.63
91.4,115.27,135.33,145.76,123.63
91.4,115.27,135.33,145.76,123.63
91.4,115.27,135.33,145.76,123.63
90.92,115.6,138.08,147.24,130.54
87.95318352059924,113.35315543071162,134.97180711610488,147.24,123.7597097378277
87.95318352059924,113.35315543071162,134.97180711610488,147.24,123.7597097378277
90.92,115.6,138.08,147.24,130.54
90.92,115.6,138.08,147.24,130.54
75.54,97.28,115.55,125.65,125.77
87.95318352059924,113.35315543071162,134.97180711610488,125.65,123.7597097378277
75.54,97.28,115.55,125.65,125.77
75.54,97.28,115.55,125.65,125.77
75.54,97.28,115.55,125.65,125.77
87.11,110.04,128.79,143.52,138.8
87.11,110.04,128.79,143.52,138.8
87.11,110.04,128.79,143.52,138.8
87.11,110.04,128.79,143.52,138.8
87.11,110.04,128.79,143.52,138.8
96.51,126.32,139.82,162.57,147.83
96.51,126.32,139.82,162.57,147.83
96.51,126.32,139.82,162.57,147.83
96.51,126.32,139.82,162.57,147.83
96.51,126.32,139.82,162.57,147.83
114.04,138.43,158.47,182.55,159.43
114.04,138.43,158.47,182.55,159.43
114.04,138.43,158.47,182.55,159.43
114.04,138.43,158.47,182.55,159.43
114.04,138.43,158.47,182.55,159.43
125.83,148.91,173.55,201.3,165.91
125.83,148.91,173.55,201.3,165.91
125.83,148.91,173.55,201.3,165.91
125.83,148.91,173.55,201.3,165.91
125.83,148.91,173.55,201.3,165.91
109.0,138.89,153.16,183.78,169.78
109.0,138.89,153.16,183.78,169.78
109.0,138.89,153.16,183.78,169.78
109.0,138.89,153.16,183.78,169.78
109.0,138.89,153.16,183.78,169.78
124.66,160.72,180.32,201.98,180.38
124.66,160.72,180.32,201.98,180.38
124.66,160.72,180.32,201.98,180.38
124.66,160.72,180.32,201.98,180.38
124.66,160.72,180.32,201.98,180.38
128.49,162.33,181.9,211.52,183.03
128.49,162.33,181.9,211.52,183.03
128.49,162.33,181.9,211.52,183.03
128.49,162.33,181.9,211.52,183.03
128.49,162.33,181.9,211.52,183.03
151.27,189.0,216.37,228.31,203.78
151.27,189.0,216.37,228.31,203.78
151.27,189.0,216.37,228.31,203.78
151.27,189.0,216.37,228.31,203.78
151.27,189.0,216.37,228.31,203.78
251.7,306.76,346.85,359.9,271.7
251.7,306.76,346.85,359.9,271.7
251.7,306.76,346.85,359.9,271.7
251.7,306.76,346.85,359.9,271.7
251.7,306.76,346.85,359.9,271.7
301.09,360.24,412.35,428.22,312.89
301.09,360.24,412.35,428.22,312.89
301.09,360.24,412.35,428.22,312.89
301.09,360.24,412.35,428.22,312.89
301.09,360.24,412.35,428.22,312.89
183.2,226.55,260.51,294.8,254.6
183.2,226.55,260.51,294.8,254.6
183.2,226.55,260.51,294.8,254.6
183.2,226.55,260.51,294.8,254.6
183.2,226.55,260.51,294.8,254.6
181.59,221.54,262.71,263.13,233.97
181.59,221.54,262.71,263.13,233.97
181.59,221.54,262.71,263.13,233.97
181.59,221.54,262.71,263.13,233.97
181.59,221.54,262.71,263.13,233.97
167.18,212.22,252.38,259.76,223.29
167.18,212.22,252.38,259.76,223.29
167.18,212.22,252.38,259.76,223.29
167.18,212.22,252.38,259.76,223.29
167.18,212.22,252.38,259.76,223.29
192.7,234.24,275.9,281.74,232.45
192.7,234.24,275.9,281.74,232.45
192.7,234.24,275.9,281.74,232.45
192.7,234.24,275.9,281.74,232.45
215.98,265.25,309.88,326.69,237.11
87.95318352059924,113.35315543071162,134.97180711610488,144.35149446494464,123.7597097378277
87.95318352059924,113.35315543071162,134.97180711610488,326.69,123.7597097378277
215.98,265.25,309.88,326.69,237.11
215.98,265.25,309.88,326.69,237.11
215.98,265.25,309.88,326.69,237.11
219.92,270.96,312.47,326.31,257.5
219.92,270.96,312.47,326.31,257.5
219.92,270.96,312.47,326.31,257.5
219.92,270.96,312.47,326.31,257.5
219.92,270.96,312.47,326.31,257.5
190.92,237.52,276.97,280.04,231.68
87.95318352059924,113.35315543071162,134.97180711610488,144.35149446494464,123.7597097378277
190.92,237.52,276.97,280.04,231.68
190.92,237.52,276.97,280.04,231.68
190.92,237.52,276.97,280.04,231.68
203.31,253.63,290.76,301.97,259.81
203.31,253.63,290.76,301.97,259.81
203.31,253.63,290.76,301.97,259.81
203.31,253.63,290.76,301.97,259.81
203.31,253.63,290.76,301.97,259.81
208.26,260.79,295.6,324.6,262.18
208.26,260.79,295.6,324.6,262.18
208.26,260.79,295.6,324.6,262.18
208.26,260.79,295.6,324.6,262.18
208.26,260.79,295.6,324.6,262.18
222.35,274.11,314.74,347.18,252.02
222.35,274.11,314.74,347.18,252.02
222.35,274.11,314.74,347.18,252.02
222.35,274.11,314.74,347.18,252.02
222.35,274.11,314.74,347.18,252.02
192.68,246.64,290.52,317.46,251.72
192.68,246.64,290.52,317.46,251.72
192.68,246.64,290.52,317.46,251.72
194.96,255.32,303.74,333.07,249.34
87.95318352059924,113.35315543071162,134.97180711610488,333.07,123.7597097378277
87.95318352059924,113.35315543071162,134.97180711610488,333.07,123.7597097378277
194.96,255.32,303.74,333.07,249.34
194.96,255.32,303.74,333.07,249.34
194.96,255.32,303.74,333.07,249.34
194.96,255.32,303.74,333.07,249.34
171.75,231.88,282.79,312.42,235.58
171.75,231.88,282.79,312.42,235.58
171.75,231.88,282.79,312.42,235.58
171.75,231.88,282.79,312.42,235.58
171.75,231.88,282.79,312.42,235.58
152.38,208.65,270.89,312.3,215.13
152.38,208.65,270.89,312.3,215.13
152.38,208.65,270.89,312.3,215.13
152.38,208.65,270.89,312.3,215.13
152.38,208.65,270.89,312.3,215.13
180.69,269.37,323.82,354.25,216.24
180.69,269.37,323.82,354.25,216.24
180.69,269.37,323.82,354.25,216.24
180.69,269.37,323.82,354.25,216.24
180.69,269.37,323.82,354.25,216.24
155.08,235.17,301.85,332.33,215.96
155.08,235.17,301.85,332.33,215.96
155.08,235.17,301.85,332.33,215.96
155.08,235.17,301.85,332.33,215.96
155.08,235.17,301.85,332.33,215.96
167.09,251.57,322.37,348.09,215.06
167.09,251.57,322.37,348.09,215.06
167.09,251.57,322.37,348.09,215.06
167.09,251.57,322.37,348.09,215.06
167.09,251.57,322.37,348.09,215.06
163.97,249.99,317.43,342.5,214.23
163.97,249.99,317.43,342.5,214.23
163.97,249.99,317.43,342.5,214.23
163.97,249.99,317.43,342.5,214.23
163.97,249.99,317.43,342.5,214.23
144.63,213.02,285.76,302.73,225.35
144.63,213.02,285.76,302.73,225.35
144.63,213.02,285.76,302.73,225.35
144.63,213.02,285.76,302.73,225.35
144.63,213.02,285.76,302.73,225.35
166.43,239.95,316.32,321.62,224.48
166.43,239.95,316.32,321.62,224.48
166.43,239.95,316.32,321.62,224.48
166.43,239.95,316.32,321.62,224.48
166.43,239.95,316.32,321.62,224.48
142.01,210.93,278.17,319.38,219.98
142.01,210.93,278.17,319.38,219.98
142.01,210.93,278.17,319.38,219.98
142.01,210.93,278.17,319.38,219.98
142.01,210.93,278.17,319.38,219.98
135.46,211.07,279.91,303.62,222.25
135.46,211.07,279.91,303.62,222.25
135.46,211.07,279.91,303.62,222.25
135.46,211.07,279.91,303.62,222.25
135.46,211.07,279.91,303.62,222.25
161.43,244.45,314.1,346.77,210.12
161.43,244.45,314.1,346.77,210.12
161.43,244.45,314.1,346.77,210.12
161.43,244.45,314.1,346.77,210.12
161.43,244.45,314.1,346.77,210.12
156.81,250.45,317.77,361.63,214.47
87.95318352059924,113.35315543071162,134.97180711610488,144.35149446494464,123.7597097378277
156.81,250.45,317.77,361.63,214.47
156.81,250.45,317.77,361.63,214.47
156.81,250.45,317.77,361.63,214.47
149.02,245.77,313.05,335.58,223.82
149.02,245.77,313.05,335.58,223.82
149.02,245.77,313.05,335.58,223.82
149.02,245.77,313.05,335.58,223.82
149.02,245.77,313.05,335.58,223.82
146.73,239.97,305.48,324.56,213.11
146.73,239.97,305.48,324.56,213.11
146.73,239.97,305.48,324.56,213.11
146.73,239.97,305.48,324.56,213.11
146.73,239.97,305.48,324.56,213.11
131.83,205.34,268.75,281.1,211.47
87.95318352059924,113.35315543071162,134.97180711610488,144.35149446494464,123.7597097378277
131.83,205.34,268.75,281.1,211.47
131.83,205.34,268.75,281.1,211.47
131.83,205.34,268.75,281.1,211.47
123.13,199.2,259.31,269.06,207.46
123.13,199.2,259.31,269.06,207.46
123.13,199.2,259.31,269.06,207.46
123.13,199.2,259.31,269.06,207.46
123.13,199.2,259.31,269.06,207.46
137.4,209.12,269.39,267.5,183.88
137.4,209.12,269.39,267.5,183.88
137.4,209.12,269.39,267.5,183.88
137.4,209.12,269.39,267.5,183.88
137.4,209.12,269.39,267.5,183.88
133.8,194.27,251.91,252.2,190.43
133.8,194.27,251.91,252.2,190.43
133.8,194.27,251.91,252.2,190.43
133.8,194.27,251.91,252.2,190.43
133.8,194.27,251.91,252.2,190.43
124.23,176.57,228.71,228.94,185.92
124.23,176.57,228.71,228.94,185.92
124.23,176.57,228.71,228.94,185.92
124.23,176.57,228.71,228.94,185.92
124.23,176.57,228.71,228.94,185.92
115.27,165.67,216.02,229.33,176.76
115.27,165.67,216.02,229.33,176.76
115.27,165.67,216.02,229.33,176.76
115.27,165.67,216.02,229.33,176.76
115.27,165.67,216.02,229.33,176.76
112.79,156.98,203.85,219.3,176.32
112.79,156.98,203.85,219.3,176.32
112.79,156.98,203.85,219.3,176.32
112.79,156.98,203.85,219.3,176.32
112.79,156.98,203.85,219.3,176.32
125.47,147.0,191.34,205.64,171.86
125.47,147.0,191.34,205.64,171.86
125.47,147.0,191.34,205.64,171.86
125.47,147.0,191.34,205.64,171.86
125.47,147.0,191.34,205.64,171.86
125.18,143.85,164.24,172.55,158.45
125.18,143.85,164.24,172.55,158.45
125.18,143.85,164.24,172.55,158.45
125.18,143.85,164.24,172.55,158.45
125.18,143.85,164.24,172.55,158.45
119.49,147.03,173.52,181.7,154.98
119.49,147.03,173.52,181.7,154.98
119.49,147.03,173.52,181.7,154.98
119.49,147.03,173.52,181.7,154.98
119.49,147.03,173.52,181.7,154.98
130.77,162.8,191.17,217.08,157.55
130.77,162.8,191.17,217.08,157.55
130.77,162.8,191.17,217.08,157.55
130.77,162.8,191.17,217.08,157.55
130.77,162.8,191.17,217.08,157.55
145.3,175.18,210.88,236.32,165.72
145.3,175.18,210.88,236.32,165.72
145.3,175.18,210.88,236.32,165.72
145.3,175.18,210.88,236.32,165.72
145.3,175.18,210.88,236.32,165.72
138.18,172.46,211.75,235.9,164.13
138.18,172.46,211.75,235.9,164.13
138.18,172.46,211.75,235.9,164.13
138.18,172.46,211.75,235.9,164.13
138.18,172.46,211.75,235.9,164.13
119.43,147.96,186.2,206.01,160.66
119.43,147.96,186.2,206.01,160.66
119.43,147.96,186.2,206.01,160.66
119.43,147.96,186.2,206.01,160.66
119.43,147.96,186.2,206.01,160.66
116.49,140.33,173.37,177.92,162.07
87.95318352059924,113.35315543071162,134.97180711610488,144.35149446494464,123.7597097378277
87.95318352059924,113.35315543071162,134.97180711610488,177.92,123.7597097378277
116.49,140.33,173.37,177.92,162.07
116.49,140.33,173.37,177.92,162.07
98.55,126.43,160.44,186.25,156.63
87.95318352059924,113.35315543071162,134.97180711610488,144.35149446494464,123.7597097378277
98.55,126.43,160.44,186.25,156.63
98.55,126.43,160.44,186.25,156.63
98.55,126.43,160.44,186.25,156.63
112.23,126.64,159.49,179.05,150.04
112.23,126.64,159.49,179.05,150.04
112.23,126.64,159.49,179.05,150.04
112.23,126.64,159.49,179.05,150.04
112.23,126.64,159.49,179.05,150.04
97.04,119.51,147.63,163.95,146.2
97.04,119.51,147.63,163.95,146.2
97.04,119.51,147.63,163.95,146.2
97.04,119.51,147.63,163.95,146.2
97.04,119.51,147.63,163.95,146.2
106.55,124.98,150.35,166.49,146.98
106.55,124.98,150.35,166.49,146.98
106.55,124.98,150.35,166.49,146.98
106.55,124.98,150.35,166.49,146.98
106.55,124.98,150.35,166.49,146.98
100.63,121.2,139.81,150.36,141.97
100.63,121.2,139.81,150.36,141.97
100.63,121.2,139.81,150.36,141.97
100.63,121.2,139.81,150.36,141.97
100.63,121.2,139.81,150.36,141.97
98.3,116.85,133.1,145.78,136.65
98.3,116.85,133.1,145.78,136.65
98.3,116.85,133.1,145.78,136.65
98.3,116.85,133.1,145.78,136.65
98.3,116.85,133.1,145.78,136.65
97.55,116.91,132.67,144.45,134.3
97.55,116.91,132.67,144.45,134.3
97.55,116.91,132.67,144.45,134.3
97.55,116.91,132.67,144.45,134.3
97.55,116.91,132.67,144.45,134.3
95.97,114.69,130.44,136.87,128.91
95.97,114.69,130.44,136.87,128.91
95.97,114.69,130.44,136.87,128.91
95.97,114.69,130.44,136.87,128.91
95.97,114.69,130.44,136.87,128.91
93.81,112.82,129.45,136.57,127.6
93.81,112.82,129.45,136.57,127.6
93.81,112.82,129.45,136.57,127.6
93.81,112.82,129.45,136.57,127.6
93.81,112.82,129.45,136.57,127.6
96.39,114.61,130.18,140.9,132.0
96.39,114.61,130.18,140.9,132.0
96.39,114.61,130.18,140.9,132.0
96.39,114.61,130.18,140.9,132.0
96.39,114.61,130.18,140.9,132.0
92.09,107.99,122.49,127.13,129.88
92.09,107.99,122.49,127.13,129.88
92.09,107.99,122.49,127.13,129.88
92.09,107.99,122.49,127.13,129.88
92.09,107.99,122.49,127.13,129.88
93.8,112.06,128.5,134.18,130.96
93.8,112.06,128.5,134.18,130.96
93.8,112.06,128.5,134.18,130.96
93.8,112.06,128.5,134.18,130.96
93.8,112.06,128.5,134.18,130.96
92.0,108.94,123.68,130.07,130.44
92.0,108.94,123.68,130.07,130.44
92.0,108.94,123.68,130.07,130.44
92.0,108.94,123.68,130.07,130.44
92.0,108.94,123.68,130.07,130.44
94.51,111.41,128.84,135.08,128.99
94.51,111.41,128.84,135.08,128.99
94.51,111.41,128.84,135.08,128.99
94.51,111.41,128.84,135.08,128.99
95.97,113.65,129.24,133.76,127.96
87.95318352059924,113.35315543071162,134.97180711610488,144.35149446494464,123.7597097378277
87.95318352059924,113.35315543071162,134.97180711610488,144.35149446494464,123.7597097378277
95.97,113.65,129.24,133.76,127.96
95.97,113.65,129.24,133.76,127.96
95.97,113.65,129.24,133.76,127.96
89.92,105.11,119.93,122.4,126.04
89.92,105.11,119.93,122.4,126.04
89.92,105.11,119.93,122.4,126.04
89.92,105.11,119.93,122.4,126.04
89.92,105.11,119.93,122.4,126.04
90.45,107.23,120.27,126.95,125.23
90.45,107.23,120.27,126.95,125.23
90.45,107.23,120.27,126.95,125.23
90.45,107.23,120.27,126.95,125.23
90.45,107.23,120.27,126.95,125.23
91.28,108.09,122.2,127.42,125.82
87.95318352059924,113.35315543071162,134.97180711610488,144.35149446494464,123.7597097378277
91.28,108.09,122.2,127.42,125.82
91.28,108.09,122.2,127.42,125.82
91.28,108.09,122.2,127.42,125.82
87.26,103.26,116.71,122.63,123.74
87.95318352059924,113.35315543071162,134.97180711610488,144.35149446494464,123.7597097378277
87.26,103.26,116.71,122.63,123.74
87.26,103.26,116.71,122.63,123.74
87.26,103.26,116.71,122.63,123.74
78.21,97.07,104.98,112.03,116.59
78.21,97.07,104.98,112.03,116.59
78.21,97.07,104.98,112.03,116.59
78.21,97.07,104.98,112.03,116.59
78.21,97.07,104.98,112.03,116.59
71.96,87.11,97.31,103.98,108.14
71.96,87.11,97.31,103.98,108.14
71.96,87.11,97.31,103.98,108.14
71.96,87.11,97.31,103.98,108.14
71.96,87.11,97.31,103.98,108.14
71.12,86.39,98.43,104.24,104.4
87.95318352059924,113.35315543071162,134.97180711610488,144.35149446494464,123.7597097378277
71.12,86.39,98.43,104.24,104.4
71.12,86.39,98.43,104.24,104.4
71.12,86.39,98.43,104.24,104.4
67.16,81.5,92.15,96.72,101.01
67.16,81.5,92.15,96.72,101.01
67.16,81.5,92.15,96.72,101.01
67.16,81.5,92.15,96.72,101.01
67.16,81.5,92.15,96.72,101.01
71.06,85.96,97.6,100.6,99.36
71.06,85.96,97.6,100.6,99.36
71.06,85.96,97.6,100.6,99.36
71.06,85.96,97.6,100.6,99.36
71.06,85.96,97.6,100.6,99.36
70.86,86.93,100.23,100.86,95.63
70.86,86.93,100.23,100.86,95.63
70.86,86.93,100.23,100.86,95.63
70.86,86.93,100.23,100.86,95.63
70.86,86.93,100.23,100.86,95.63
70.13,84.58,100.69,99.48,97.08
70.13,84.58,100.69,99.48,97.08
70.13,84.58,100.69,99.48,97.08
70.13,84.58,100.69,99.48,97.08
70.13,84.58,100.69,99.48,97.08
71.28,87.01,101.66,100.88,97.75
71.28,87.01,101.66,100.88,97.75
71.28,87.01,101.66,100.88,97.75
71.28,87.01,101.66,100.88,97.75
71.28,87.01,101.66,100.88,97.75
72.95,89.24,104.04,102.9,98.17
72.95,89.24,104.04,102.9,98.17
72.95,89.24,104.04,102.9,98.17
72.95,89.24,104.04,102.9,98.17
72.95,89.24,104.04,102.9,98.17
64.62,79.61,93.42,92.82,94.9
64.62,79.61,93.42,92.82,94.9
64.62,79.61,93.42,92.82,94.9
64.62,79.61,93.42,92.82,94.9
64.62,79.61,93.42,92.82,94.9
68.77,83.05,94.84,90.6,97.63
68.77,83.05,94.84,90.6,97.63
68.77,83.05,94.84,90.6,97.63
68.77,83.05,94.84,90.6,97.63
68.77,83.05,94.84,90.6,97.63
72.43,88.62,101.66,89.19,97.25
72.43,88.62,101.66,89.19,97.25
72.43,88.62,101.66,89.19,97.25
72.43,88.62,101.66,89.19,97.25
72.43,88.62,101.66,89.19,97.25
72.3,88.82,101.37,105.18,99.29
72.3,88.82,101.37,105.18,99.29
72.3,88.82,101.37,105.18,99.29
72.3,88.82,101.37,105.18,99.29
72.3,88.82,101.37,105.18,99.29
75.4,92.25,105.73,111.3,101.49
75.4,92.25,105.73,111.3,101.49
75.4,92.25,105.73,111.3,101.49
75.4,92.25,105.73,111.3,101.49
75.4,92.25,105.73,111.3,101.49
79.28,96.66,110.94,115.63,103.82
79.28,96.66,110.94,115.63,103.82
79.28,96.66,110.94,115.63,103.82
79.28,96.66,110.94,115.63,103.82
79.28,96.66,110.94,115.63,103.82
82.54,100.17,115.36,120.33,105.88
87.95318352059924,113.35315543071162,134.97180711610488,144.35149446494464,123.7597097378277
82.54,100.17,115.36,120.33,105.88
82.54,100.17,115.36,120.33,105.88
82.54,100.17,115.36,120.33,105.88
81.79,99.41,113.72,112.63,108.31
81.79,99.41,113.72,112.63,108.31
81.79,99.41,113.72,112.63,108.31
81.79,99.41,113.72,112.63,108.31
81.79,99.41,113.72,112.63,108.31
79.64,97.85,111.5,115.37,108.41
79.64,97.85,111.5,115.37,108.41
79.64,97.85,111.5,115.37,108.41
79.64,97.85,111.5,115.37,108.41
79.64,97.85,111.5,115.37,108.41
85.45,104.8,118.88,122.34,111.18
85.45,104.8,118.88,122.34,111.18
85.45,104.8,118.88,122.34,111.18
85.45,104.8,118.88,122.34,111.18
85.45,104.8,118.88,122.34,111.18
88.71,107.76,123.98,131.77,116.48
88.71,107.76,123.98,131.77,116.48
88.71,107.76,123.98,131.77,116.48
88.71,107.76,123.98,131.77,116.48
88.71,107.76,123.98,131.77,116.48
89.84,109.47,125.8,133.79,118.29
89.84,109.47,125.8,133.79,118.29
89.84,109.47,125.8,133.79,118.29
89.84,109.47,125.8,133.79,118.29
89.84,109.47,125.8,133.79,118.29
84.48,101.92,117.35,125.44,119.6
84.48,101.92,117.35,125.44,119.6
84.48,101.92,117.35,125.44,119.6
84.48,101.92,117.35,125.44,119.6
84.48,101.92,117.35,125.44,119.6
91.16,112.25,125.93,133.41,123.7
91.16,112.25,125.93,133.41,123.7
91.16,112.25,125.93,133.41,123.7
91.16,112.25,125.93,133.41,123.7
91.16,112.25,125.93,133.41,123.7
94.45,113.71,128.44,134.73,124.55
94.45,113.71,128.44,134.73,124.55
94.45,113.71,128.44,134.73,124.55
94.45,113.71,128.44,134.73,124.55
94.45,113.71,128.44,134.73,124.55
88.64,107.51,121.68,126.8,121.91
88.64,107.51,121.68,126.8,121.91
88.64,107.51,121.68,126.8,121.91
88.64,107.51,121.68,126.8,121.91
88.64,107.51,121.68,126.8,121.91
83.18,101.26,114.85,122.27,117.57
83.18,101.26,114.85,122.27,117.57
83.18,101.26,114.85,122.27,117.57
83.18,101.26,114.85,122.27,117.57
83.18,101.26,114.85,122.27,117.57
77.81,94.6,108.43,116.69,114.04
77.81,94.6,108.43,116.69,114.04
77.81,94.6,108.43,116.69,114.04
77.81,94.6,108.43,116.69,114.04
77.81,94.6,108.43,116.69,114.04
74.8,91.56,104.62,110.41,113.29
74.8,91.56,104.62,110.41,113.29
74.8,91.56,104.62,110.41,113.29
74.8,91.56,104.62,110.41,113.29
74.8,91.56,104.62,110.41,113.29
76.82,94.01,105.44,109.99,111.68
76.82,94.01,105.44,109.99,111.68
76.82,94.01,105.44,109.99,111.68
76.82,94.01,105.44,109.99,111.68
76.82,94.01,105.44,109.99,111.68
76.19,93.15,105.08,104.96,110.66
76.19,93.15,105.08,104.96,110.66
76.19,93.15,105.08,104.96,110.66
76.19,93.15,105.08,104.96,110.66
76.19,93.15,105.08,104.96,110.66
73.96,89.28,100.27,101.73,108.33
73.96,89.28,100.27,101.73,108.33
73.96,89.28,100.27,101.73,108.33
73.96,89.28,100.27,101.73,108.33
73.96,89.28,100.27,101.73,108.33
70.8,86.89,98.24,99.81,104.07
70.8,86.89,98.24,99.81,104.07
70.8,86.89,98.24,99.81,104.07
70.8,86.89,98.24,99.81,104.07
70.8,86.89,98.24,99.81,104.07
70.35,86.36,97.18,97.99,103.44
87.95318352059924,113.35315543071162,134.97180711610488,144.35149446494464,123.7597097378277
87.95318352059924,113.35315543071162,134.97180711610488,97.99,123.7597097378277
70.35,86.36,97.18,97.99,103.44
70.35,86.36,97.18,97.99,103.44
70.83,84.89,97.04,97.56,103.05
87.95318352059924,113.35315543071162,134.97180711610488,144.35149446494464,123.7597097378277
70.83,84.89,97.04,94.75,103.05
70.83,84.89,97.04,94.75,103.05
70.83,84.89,97.04,94.75,103.05
70.58,84.87,96.54,94.75,102.62
70.58,84.87,96.54,96.94,102.62
70.58,84.87,96.54,96.94,102.62
70.58,84.87,96.54,96.94,102.62
70.58,84.87,96.54,96.94,102.62
68.88,84.49,94.3,96.94,101.8
68.88,84.49,94.3,96.23,101.8
68.88,84.49,94.3,96.23,101.8
68.88,84.49,94.3,96.23,101.8
68.88,84.49,94.3,96.23,101.8
66.82,82.68,92.74,96.23,99.5
66.82,82.68,92.74,91.04,99.5
66.82,82.68,92.74,91.04,99.5
66.82,82.68,92.74,91.04,99.5
66.82,82.68,92.74,91.04,99.5
63.76,79.22,89.26,91.04,97.7
63.76,79.22,89.26,90.16,97.7
63.76,79.22,89.26,90.16,97.7
63.76,79.22,89.26,90.16,97.7
63.76,79.22,89.26,90.16,97.7
63.95,78.74,88.83,90.16,95.42
63.95,78.74,88.83,92.22,95.42
63.95,78.74,88.83,92.22,95.42
63.95,78.74,88.83,92.22,95.42
63.95,78.74,88.83,92.22,95.42
65.8,81.73,91.0,92.22,96.54
65.8,81.73,91.0,92.87,96.54
65.8,81.73,91.0,92.87,96.54
65.8,81.73,91.0,92.87,96.54
65.8,81.73,91.0,92.87,96.54
65.88,82.04,90.98,92.87,96.79
65.88,82.04,90.98,93.15,96.79
65.88,82.04,90.98,93.15,96.79
65.88,82.04,90.98,93.15,96.79
65.88,82.04,90.98,93.15,96.79
66.13,82.13,91.23,93.15,97.82
66.13,82.13,91.23,92.42,97.82
66.13,82.13,91.23,92.42,97.82
66.13,82.13,91.23,92.42,97.82
66.13,82.13,91.23,92.42,97.82
69.47,85.62,95.38,92.42,101.32
69.47,85.62,95.38,94.9,101.32
69.47,85.62,95.38,94.9,101.32
69.47,85.62,95.38,94.9,101.32
69.47,85.62,95.38,94.9,101.32
72.42,90.49,101.98,94.9,106.86
72.42,90.49,101.98,97.24,106.86
72.42,90.49,101.98,97.24,106.86
72.42,90.49,101.98,97.24,106.86
72.42,90.49,101.98,97.24,106.86
70.93,89.59,99.84,97.24,107.45
70.93,89.59,99.84,100.64,107.45
70.93,89.59,99.84,100.64,107.45
70.93,89.59,99.84,100.64,107.45
70.93,89.59,99.84,100.64,107.45
70.16,89.59,99.51,100.91,105.39
70.16,89.59,99.51,100.91,105.39
70.16,89.59,99.51,100.91,105.39
70.16,89.59,99.51,100.91,105.39
73.17,91.01,102.58,100.91,105.67
87.95318352059924,113.35315543071162,134.97180711610488,144.35149446494464,123.7597097378277
87.95318352059924,113.35315543071162,134.97180711610488,144.35149446494464,123.7597097378277
73.17,91.01,102.58,102.51,105.67
73.17,91.01,102.58,102.51,105.67
73.17,91.01,102.58,102.51,105.67
75.43,93.0,103.63,102.51,105.16
75.43,93.0,103.63,106.93,105.16
75.43,93.0,103.63,106.93,105.16
75.43,93.0,103.63,106.93,105.16
75.43,93.0,103.63,106.93,105.16
72.41,92.75,104.42,106.93,106.36
72.41,92.75,104.42,110.95,106.36
72.41,92.75,104.42,110.95,106.36
72.41,92.75,104.42,110.95,106.36
72.41,92.75,104.42,110.95,106.36
75.71,95.8,108.91,110.95,108.06
75.71,95.8,108.91,106.69,108.06
75.71,95.8,108.91,106.69,108.06
75.71,95.8,108.91,106.69,108.06
75.71,95.8,108.91,106.69,108.06
71.77,91.31,103.78,106.69,107.74
71.77,91.31,103.78,103.58,107.74
71.77,91.31,103.78,103.58,107.74
71.77,91.31,103.78,103.58,107.74
71.77,91.31,103.78,103.58,107.74
71.54,91.37,102.73,106.02,107.08
87.95318352059924,113.35315543071162,134.97180711610488,144.35149446494464,123.7597097378277
71.54,91.37,102.73,106.02,107.08
71.54,91.37,102.73,106.02,107.08
71.54,91.37,102.73,106.02,107.08
72.05,92.93,104.89,106.02,108.05
72.05,92.93,104.89,106.05,108.05
72.05,92.93,104.89,106.05,108.05
72.05,92.93,104.89,106.05,108.05
72.05,92.93,104.89,106.05,108.05
71.86,92.39,103.69,106.05,108.7
71.86,92.39,103.69,110.38,108.7
71.86,92.39,103.69,110.38,108.7
71.86,92.39,103.69,110.38,108.7
71.86,92.39,103.69,110.38,108.7
74.87,95.36,107.11,111.35,111.29
87.95318352059924,113.35315543071162,134.97180711610488,144.35149446494464,123.7597097378277
74.87,95.36,107.11,111.35,111.29
74.87,95.36,107.11,111.35,111.29
74.87,95.36,107.11,111.35,111.29
76.97,98.19,110.11,111.35,111.73
76.97,98.19,110.11,109.62,111.73
76.97,98.19,110.11,109.62,111.73
76.97,98.19,110.11,109.62,111.73
76.97,98.19,110.11,109.62,111.73
76.13,96.98,108.91,109.62,112.64
76.13,96.98,108.91,107.81,112.64
76.13,96.98,108.91,107.81,112.64
76.13,96.98,108.91,107.81,112.64
76.13,96.98,108.91,107.81,112.64
72.77,94.88,107.09,107.81,111.61
72.77,94.88,107.09,106.83,111.61
72.77,94.88,107.09,106.83,111.61
72.77,94.88,107.09,106.83,111.61
72.77,94.88,107.09,106.83,111.61
73.3,94.56,107.31,106.83,111.2
73.3,94.56,107.31,106.22,111.2
73.3,94.56,107.31,106.22,111.2
73.3,94.56,107.31,106.22,111.2
73.3,94.56,107.31,106.22,111.2
71.38,92.08,103.68,106.22,109.15
